{
  "add_before_mul": {
    "alone": [
      0.9359999999999999,
      0.9429496257333603,
      0.9462738301559791,
      0.9359999999999999,
      0.9974101651019747,
      0.9506543615169722,
      0.9228814557326986,
      0.9170984455958548,
      0.9565360727214742,
      0.9359999999999999,
      0.9982498359221177,
      0.9980790680381709,
      0.9359999999999999,
      0.9359999999999999,
      0.9360000000000002,
      0.9701561221475066,
      0.9747341945809991,
      0.9226105563480742,
      0.9634469827270831,
      0.9360000000000002
    ],
    "paired": [
      0.99901876739248,
      0.8939967370870633,
      0.9982498359221177,
      0.9465907604820983,
      0.9838934109257694,
      0.7333333333333332,
      0.8800805458348809,
      0.8478794251664914,
      0.8977900552486188,
      0.7635197066911091,
      0.176,
      0.17875647668393782,
      0.8463059985124276,
      0.2049652601254025,
      0.1669218989280245,
      0.9144007117739269,
      0.9197692475412644,
      0.21034427284427284,
      0.9631075318308154,
      0.176,
      0.9882499832465091,
      0.9505747890225265,
      0.1838235294117647,
      0.17600000000000002,
      0.9313144194988244,
      0.9465907604820983,
      0.9976875270992918,
      0.9359999999999999,
      0.9845865763987576,
      0.9170984455958548,
      0.19929226492927077,
      0.9360000000000002,
      0.21488104258220944,
      0.9301801801801802,
      0.20740075151119097,
      0.9359999999999999,
      0.2077246843278039,
      0.9506543615169722
    ]
  },
  "add_before_div": {
    "alone": [
      0.9985486931829265,
      0.9774849348650863,
      0.9662564994899633,
      0.9971577017114915,
      0.9170984455958548,
      0.9437166114647311,
      0.946585383630249,
      0.9462738301559791,
      0.972218004992208,
      0.9662564994899633,
      0.9460572987721692,
      0.9631075318308154,
      0.9462738301559791,
      0.9462738301559791,
      0.9461689266459729,
      0.972218004992208,
      0.9631075318308154,
      0.9461689266459729,
      0.9776522809483424,
      0.9662564994899633
    ],
    "paired": [
      0.19980744628938452,
      0.7333333333333332,
      0.9359999999999999,
      0.9980790680381709,
      0.9882499832465091,
      0.99901876739248,
      0.9359999999999999,
      0.9126431276938483,
      0.904913726647188,
      0.8171879744913453,
      0.8977900552486188,
      0.8630319148936169,
      0.16700390229801992,
      0.7369763627035112,
      0.8140671306944579,
      0.17875647668393782,
      0.21488104258220944,
      0.2056287569153398,
      0.9631375546778782,
      0.25069429993333875,
      0.9955591709770335,
      0.19926322839919625,
      0.9359999999999999,
      0.8928199791883455,
      0.9462738301559791,
      0.9465907604820983,
      0.9359999999999999,
      0.2514736625233715,
      0.25017123299724975,
      0.9520874473899428,
      0.9631075318308154,
      0.16763245033112584,
      0.21034427284427287,
      0.176,
      0.8823529411764706,
      0.9170984455958551,
      0.21488104258220944
    ]
  },
  "sub_before_mul": {
    "alone": [
      0.9550915155271835,
      0.9845865763987576,
      0.9465907604820983,
      0.9462738301559791,
      0.9751618165552808,
      0.9535845042486476,
      0.9170984455958548,
      0.9431355356207097,
      0.9993804801279008,
      0.9359999999999999,
      0.9969944111404234,
      0.9429563610586764,
      0.9632265717674972,
      0.923015353270756,
      0.9506543615169722,
      0.9993821140526341,
      0.9301801801801802,
      0.9976875270992918,
      0.9565360727214742,
      0.9170984455958548
    ],
    "paired": [
      0.844589278763737,
      0.9969013313522708,
      0.8381563441141807,
      0.19929226492927077,
      0.8732683181679654,
      0.8946143617021275,
      0.9170984455958548,
      0.9976875270992918,
      0.9654375403139109,
      0.9170984455958548,
      0.9424378345895373,
      0.8820240790538387,
      0.904913726647188,
      0.9734970073782905,
      0.9734970073782905,
      0.8946143617021277,
      0.2056287569153398,
      0.8928199791883452,
      0.1995624829720937,
      0.9197692475412644,
      0.19926322839919625,
      0.6831683168316831,
      0.887991927346115,
      0.6831683168316831,
      0.9359999999999999,
      0.20546141759035122,
      0.2077246843278039,
      0.25553746935075106,
      0.9359999999999999,
      0.904913726647188,
      0.8928199791883455,
      0.9634469827270831,
      0.1995624829720937,
      0.9462738301559791,
      0.17875647668393782,
      0.9882744993414658,
      0.2024240548840943,
      0.9803487317750335,
      0.9717857601575545,
      0.9461689266459729,
      0.9359999999999999,
      0.9359999999999999,
      0.904913726647188,
      0.19063370473537605
    ]
  },
  "sub_before_div": {
    "alone": [
      0.9659558146120785,
      0.9976875270992918,
      0.9972404277337013,
      0.9301801801801802,
      0.9845865763987576,
      0.9170984455958548,
      0.9461689266459729,
      0.9971612920315305,
      0.9634469827270831,
      0.9992561077616521,
      0.9971612920315305,
      0.9992561077616521,
      0.9845865763987576,
      0.9460572987721692,
      0.9170984455958548,
      0.9882499832465091,
      0.9971612920315305,
      0.9431355356207097,
      0.9341,
      0.9338318199832407
    ],
    "paired": [
      0.1669218989280245,
      0.25069429993333875,
      0.9313144194988244,
      0.2525800903031606,
      0.9313144194988244,
      0.9632265717674972,
      0.9075030892522924,
      0.9631075318308154,
      0.9523091162919136,
      0.9170984455958548,
      0.9581394709721744,
      0.8584840920916695,
      0.910755674919981,
      0.8928199791883454,
      0.910755674919981,
      0.2087203014488773,
      0.9505747890225265,
      0.2152044097381718,
      0.25069429993333875,
      0.9882499832465091,
      0.9462738301559791,
      0.2087203014488773,
      0.21488104258220944,
      0.2087033373128536,
      0.2077246843278039,
      0.2059667296778132,
      0.9460572987721692,
      0.22778854137835594,
      0.9980790680381709,
      0.9298216743462391,
      0.9806355509586585,
      0.19895535941777132,
      0.9301801801801802,
      0.176,
      0.1838235294117647,
      0.176,
      0.22890052654996754,
      0.9976875270992918
    ]
  },
  "same_priority_rtl": {
    "alone": [
      0.9721005003421189,
      0.999017127793769,
      0.9433657906338474,
      0.9566760622194384,
      0.9566012024909893,
      0.998106849583965,
      0.9462738301559791,
      0.9462738301559791,
      0.9359999999999999,
      0.9971646403209052,
      0.9170984455958548,
      0.9985493644727401,
      0.9301801801801802,
      0.9996224449866824,
      0.9508664399940041,
      0.9305967657993335,
      0.9565360727214742,
      0.9564611992831633,
      0.9440971770604601,
      0.9461689266459729
    ],