{
  "add_before_mul": {
    "alone": [
      0.9226105563480742,
      0.9907893150446794,
      0.9965790036348087,
      0.969890424011434,
      0.9632265717674969,
      0.9634469827270831,
      0.9980790680381709,
      0.9359999999999999,
      0.9462738301559791,
      0.9564611992831633,
      0.9845865763987576,
      0.9535845042486476,
      0.9976875270992918,
      0.9424378345895373,
      0.9806355509586585,
      0.9359999999999999,
      0.9359999999999999,
      0.999023681351189,
      0.9882499832465091,
      0.9988224904327347
    ],
    "paired": [
      0.9359999999999999,
      0.998694967949948,
      0.9461172741679873,
      0.969890424011434,
      0.9506543615169722,
      0.19980744628938452,
      0.9096630877452795,
      0.2059667296778132,
      0.9505747890225265,
      0.21488104258220944,
      0.8792431830829158,
      0.8946143617021275,
      0.9462738301559791,
      0.9982498359221177,
      0.9170984455958548,
      0.20546141759035122,
      0.1669218989280245,
      0.20682940208447614,
      0.17600000000000002,
      0.21488104258220944,
      0.9359999999999999,
      0.9562383612662942,
      0.9359999999999999,
      0.2077246843278039,
      0.9631375546778782,
      0.893640188560695,
      0.19929226492927077,
      0.19929226492927077,
      0.176,
      0.21034427284427284,
      0.2059667296778132,
      0.9976875270992918,
      0.9631075318308154,
      0.17875647668393782,
      0.9631375546778782,
      0.2528521638066775,
      0.9907893150446794,
      0.20783083219645296,
      0.9562757903799913,
      0.9632265717674969
    ]
  },
  "add_before_div": {
    "alone": [
      0.9462738301559791,
      0.9882499832465091,
      0.9772065955383122,
      0.9632265717674972,
      0.9907893150446794,
      0.9631375546778782,
      0.9359999999999999,
      0.9632265717674969,
      0.9845865763987576,
      0.9811454138551241,
      0.99901876739248,
      0.9460572987721692,
      0.9424378345895373,
      0.9809860734041863,
      0.999023681351189,
      0.9462738301559791,
      0.9845865763987576,
      0.9170984455958548,
      0.9631375546778782,
      0.9461689266459729
    ],
    "paired": [
      0.176,
      0.9990195956622755,
      0.9108280254777069,
      0.9461689266459729,
      0.9359999999999999,
      0.99901876739248,
      0.2558490117187096,
      0.8872348089347675,
      0.2550458863220678,
      0.1838235294117647,
      0.8792431830829158,
      0.9170984455958548,
      0.9359999999999999,
      0.946585383630249,
      0.9631375546778782,
      0.9631375546778782,
      0.19971520054396139,
      0.2501010723422346,
      0.25033174902998356,
      0.21488104258220944,
      0.176,
      0.972218004992208,
      0.19931680624995762,
      0.17600000000000002,
      0.22778854137835594,
      0.9157661347360249,
      0.9301801801801802,
      0.9631375546778782,
      0.8569169081877793,
      0.21488104258220944,
      0.9634469827270831,
      0.17875647668393782,
      0.9719783057851239,
      0.9506753176220594,
      0.22778854137835594,
      0.9697547472553494,
      0.9965790036348087,
      0.9095387759824147,
      0.9809860734041863,
      0.21034427284427284
    ]
  },
  "sub_before_mul": {
    "alone": [
      0.923015353270756,
      0.9697547472553494,
      0.9338318199832407,
      0.9535845042486476,
      0.9992858418139619,
      0.9751618165552808,
      0.9993821140526341,
      0.9562757903799913,
      0.9462738301559791,
      0.9882499832465091,
      0.9461689266459729,
      0.9345257180683263,
      0.9882744993414658,
      0.9701561221475066,
      0.9972404277337013,
      0.9884377737570766,
      0.9719783057851239,
      0.9564611992831633,
      0.9170984455958548,
      0.9566012024909893
    ],
    "paired": [
      0.19919085060335587,
      0.19963878651243747,
      0.9359999999999999,
      0.9976875270992918,
      0.9359999999999999,
      0.9237319511292114,
      0.9345257180683263,
      0.229361923825715,
      0.20740075151119097,
      0.19063370473537605,
      0.8630319148936169,
      0.17875647668393782,
      0.8792431830829158,
      0.9564611992831633,
      0.9462738301559791,
      0.9982498359221177,
      0.9985486931829265,
      0.2056287569153398,
      0.16683838681189284,
      0.1838235294117647,
      0.25450031036623216,
      0.20453652394071867,
      0.20166783377354036,
      0.2528521638066775,
      0.6831683168316831,
      0.9980790680381709,
      0.21034427284427287,
      0.9557427792106319,
      0.24845688251779752,
      0.2152044097381718,
      0.16700390229801992,
      0.9170984455958548,
      0.19024641165316844,
      0.2655980034555577,
      0.9359999999999999,
      0.33005748850650446,
      0.16716556196992374,
      0.2030777272878338,
      0.20772468432780394,
      0.9632265717674969
    ]
  },
  "sub_before_div": {
    "alone": [
      0.9774849348650863,
      0.9462738301559791,
      0.9845865763987576,
      0.959801825836019,
      0.9170984455958548,
      0.9564611992831633,
      0.9345257180683263,
      0.9856711894197345,
      0.9654375403139109,
      0.9701561221475066,
      0.9990789532324709,
      0.9990808067141561,
      0.9809860734041863,
      0.9993804801279008,
      0.9424378345895373,
      0.9606229445243979,
      0.9546925566343042,
      0.972218004992208,
      0.9506543615169722,
      0.9644390148104885
    ],
    "paired": [
      0.20724125320004877,
      0.8906581740976643,
      0.176,
      0.9845865763987576,
      0.9170984455958548,
      0.9634469827270831,
      0.9146965890490282,
      0.8203734678768269,
      0.17600000000000002,
      0.22778854137835594,
      0.20772468432780394,
      0.176,
      0.8792431830829158,
      0.9521549594156241,
      0.9359999999999999,
      0.9515085024684585,
      0.9769420520813502,
      0.9631075318308154,
      0.9569269844228774,
      0.22778854137835594,
      0.17600000000000002,
      0.9999638521825374,
      0.9854479051772762,
      0.9701561221475066,
      0.21488104258220944,
      0.9980790680381709,
      0.20546141759035122,
      0.33367568628213534,
      0.2545150850819501,
      0.9170984455958548,
      0.2056287569153398,
      0.20402892561983468,
      0.9988614572056415,
      0.176,
      0.9462738301559791,
      0.9460572987721692,
      0.9382977902896146,
      0.9811454138551241,
      0.20454638108638476,
      0.9359999999999999
    ]
  },
  "same_priority_rtl": {
    "alone": [
      0.9359999999999999,
      0.9632480665571282,
      0.9460572987721692,
      0.9304988389783009,
      0.9631075318308154,
      0.8591816622257913,
      0.9985493644727401,
      0.9767743755400393,
      0.9987846167202015,
      0.9806355509586585,
      0.9660159954196562,
      0.9461689266459729,
      0.9564611992831633,
      0.9717857601575545,
      0.9806355509586585,
      0.9564924720686123,
      0.9644390148104885,
      0.9999846898742656,
      0.9460572987721692,
      0.9568201022063728
    ],