{
  "add_before_mul": {
    "alone": [
      0.9359999999999999,
      0.9429496257333603,
      0.9462738301559791,
      0.9359999999999999,
      0.9974101651019747,
      0.9506543615169722,
      0.9228814557326986,
      0.9170984455958548,
      0.9565360727214742,
      0.9359999999999999,
      0.9462738301559791,
      0.9359999999999999,
      0.9301801801801802,
      0.9535845042486476,
      0.9697547472553494,
      0.9462738301559791,
      0.9845865763987576,
      0.9974101651019747,
      0.9461689266459729,
      0.9359999999999999,
      0.9982498359221177,
      0.9980790680381709,
      0.9359999999999999,
      0.9359999999999999,
      0.9360000000000002,
      0.9701561221475066,
      0.9747341945809991,
      0.9226105563480742,
      0.9634469827270831,
      0.9360000000000002,
      0.9855259270890818,
      0.9845865763987576,
      0.9845865763987576,
      0.9774849348650863,
      0.9907893150446794,
      0.9907893150446794,
      0.9774849348650863,
      0.9770551451580233,
      0.9662564994899633,
      0.9535845042486476
    ],
    "paired": [
      0.99901876739248,
      0.8939967370870633,
      0.9982498359221177,
      0.9465907604820983,
      0.9838934109257694,
      0.7333333333333332,
      0.8800805458348809,
      0.8478794251664914,
      0.8977900552486188,
      0.7635197066911091,
      0.176,
      0.17875647668393782,
      0.8463059985124276,
      0.2049652601254025,
      0.1669218989280245,
      0.9144007117739269,
      0.9197692475412644,
      0.21034427284427284,
      0.8928199791883455,
      0.9854479051772762,
      0.9980731631294099,
      0.9424378345895373,
      0.997865958815829,
      0.8007032291961361,
      0.9295801154954783,
      0.9742095820320288,
      0.8928199791883455,
      0.8946143617021277,
      0.25301809353626564,
      0.8946143617021275,
      0.20387892280686734,
      0.8393305439330542,
      0.2056287569153398,
      0.9089876806664284,
      0.2077246843278039,
      0.9954207333157479,
      0.8977900552486188,
      0.887991927346115,
      0.9631075318308154,
      0.176,
      0.9882499832465091,
      0.9505747890225265,
      0.1838235294117647,
      0.17600000000000002,
      0.9313144194988244,
      0.9465907604820983,
      0.9976875270992918,
      0.9359999999999999,
      0.9845865763987576,
      0.9170984455958548,
      0.19929226492927077,
      0.9360000000000002,
      0.21488104258220944,
      0.9301801801801802,
      0.20740075151119097,
      0.9359999999999999,
      0.2077246843278039,
      0.9506543615169722,
      0.16667950163645867,
      0.2514736625233715,
      0.17875647668393782,
      0.9662564994899633,
      0.9562383612662942,
      0.2565795689839024,
      0.17875647668393782,
      0.24782986313997415,
      0.18171824605212467,
      0.2540424615966148,
      0.9838934109257694,
      0.9628820960698691,
      0.904913726647188,
      0.9462738301559791,
      0.16700390229801995,
      0.3318796024880246,
      0.20740075151119097,
      0.9838934109257694,
      0.21034427284427284,
      0.9631375546778782,
      0.9461689266459729,
      0.9461689266459729
    ]
  },
  "add_before_div": {
    "alone": [
      0.9985486931829265,
      0.9774849348650863,
      0.9662564994899633,
      0.9971577017114915,
      0.9170984455958548,
      0.9437166114647311,
      0.946585383630249,
      0.9462738301559791,
      0.972218004992208,
      0.9662564994899633,
      0.9462738301559791,
      0.9715560408253282,
      0.9359999999999999,
      0.9775314749737956,
      0.9882499832465091,
      0.9359999999999999,
      0.99901876739248,
      0.9559606371297342,
      0.9080459770114943,
      0.9462738301559791,
      0.9460572987721692,
      0.9631075318308154,
      0.9462738301559791,
      0.9462738301559791,
      0.9461689266459729,
      0.972218004992208,
      0.9631075318308154,
      0.9461689266459729,
      0.9776522809483424,
      0.9662564994899633,
      0.9838934109257694,
      0.9845865763987576,
      0.9774849348650863,
      0.9907893150446794,
      0.9305885622094203,
      0.9365777817263392,
      0.9170984455958548,
      0.9976875270992918,
      0.9424378345895373,
      0.9301801801801802
    ],
    "paired": [
      0.19980744628938452,
      0.7333333333333332,
      0.9359999999999999,
      0.9980790680381709,
      0.9882499832465091,
      0.99901876739248,
      0.9359999999999999,
      0.9126431276938483,
      0.904913726647188,
      0.8171879744913453,
      0.8977900552486188,
      0.8630319148936169,
      0.16700390229801992,
      0.7369763627035112,
      0.8140671306944579,
      0.17875647668393782,
      0.21488104258220944,
      0.8928199791883455,
      0.9201875277856362,
      0.9774849348650863,
      0.999023681351189,
      0.9461689266459729,
      0.9979345057853891,
      0.9461689266459729,
      0.8630319148936169,
      0.9126431276938483,
      0.9066977058998472,
      0.8772495806076969,
      0.8977900552486188,
      0.18171824605212467,
      0.9505747890225265,
      0.8584840920916695,
      0.8855118870860985,
      0.249233347010375,
      0.9324432702740953,
      0.22788116568407366,
      0.887991927346115,
      0.2056287569153398,
      0.9631375546778782,
      0.25069429993333875,
      0.9955591709770335,
      0.19926322839919625,
      0.9359999999999999,
      0.8928199791883455,
      0.9462738301559791,
      0.9465907604820983,
      0.9359999999999999,
      0.2514736625233715,
      0.25017123299724975,
      0.9520874473899428,
      0.9631075318308154,
      0.16763245033112584,
      0.21034427284427287,
      0.176,
      0.8823529411764706,
      0.9170984455958551,
      0.21488104258220944,
      0.9999119887785693,
      0.9845865763987576,
      0.9170984455958551,
      0.2265216702101013,
      0.2514736625233715,
      0.2030696238710415,
      0.2265216702101013,
      0.20805091750702595,
      0.2265216702101013,
      0.9298216743462391,
      0.19911792557993746,
      0.19999311077302867,
      0.946585383630249,
      0.9195629088716126,
      0.976605229504288,
      0.20827648509482002,
      0.2523440025864856,
      0.9838934109257694,
      0.9838934109257694,
      0.9461689266459729,
      0.21034427284427284,
      0.9301801801801802,
      0.9461689266459729
    ]
  },
  "sub_before_mul": {
    "alone": [
      0.9550915155271835,
      0.9845865763987576,
      0.9465907604820983,
      0.9462738301559791,
      0.9751618165552808,
      0.9535845042486476,
      0.9170984455958548,
      0.9431355356207097,
      0.9993804801279008,
      0.9359999999999999,
      0.9461689266459729,
      0.9662564994899633,
      0.9845865763987576,
      0.9515085024684585,
      0.923015353270756,
      0.9080459770114943,
      0.9697547472553494,
      0.9980790680381709,
      0.9992858418139619,
      0.9359999999999999,
      0.9969944111404234,
      0.9429563610586764,
      0.9632265717674972,
      0.923015353270756,
      0.9506543615169722,
      0.9993821140526341,
      0.9301801801801802,
      0.9976875270992918,
      0.9565360727214742,
      0.9170984455958548,
      0.956298479958382,
      0.9987846167202015,
      0.9431355356207097,
      0.9461689266459729,
      0.976605229504288,
      0.9845865763987576,
      0.9632265717674972,
      0.9301801801801802,
      0.9640486886259089,
      0.9359999999999999
    ],