{
 "refuted_cut": 0.15,
 "b_marginals": {
  "B000": 0.16666666666666666,
  "B001": 0.2,
  "B002": 0.25,
  "B003": 0.2,
  "B004": 0.16666666666666666,
  "B005": 0.0,
  "B006": 0.2,
  "B007": 0.2,
  "B008": 0.25,
  "B009": 0.2,
  "B010": 0.2,
  "B011": 0.16666666666666666,
  "B012": 0.16666666666666666,
  "B013": 0.2,
  "B014": 0.2,
  "B015": 0.25,
  "B016": 0.0,
  "B017": 0.0,
  "B018": 0.16666666666666666,
  "B019": 0.0,
  "B020": 0.18181818181818182,
  "B021": 0.2,
  "B022": 0.2,
  "B023": 0.2,
  "B024": 0.16666666666666666,
  "B025": 0.2,
  "B026": 0.11111111111111116,
  "B027": 0.16666666666666666,
  "B028": 0.1111111111111111,
  "B029": 0.16666666666666666,
  "B030": 0.25,
  "B031": 0.2,
  "B032": 0.25,
  "B033": 0.25,
  "B034": 0.2,
  "B035": 0.2,
  "B036": 0.2,
  "B037": 0.2,
  "B038": 0.2,
  "B039": 0.2,
  "B040": 0.25,
  "B041": 0.0,
  "B042": 0.2,
  "B043": 0.2,
  "B044": 0.16666666666666666,
  "B045": 0.25,
  "B046": 0.0,
  "B047": 0.2,
  "B048": 0.2,
  "B049": 0.0,
  "B050": 0.0,
  "B051": 0.0,
  "B052": 0.25,
  "B053": 0.2,
  "B054": 0.16666666666666666,
  "B055": 0.1111111111111111,
  "B056": 0.16666666666666666,
  "B058": 0.2,
  "B059": 0.16666666666666666,
  "B060": 0.0,
  "B061": 0.0,
  "B062": 0.0,
  "B063": 0.0,
  "B064": 0.0,
  "B065": 0.0,
  "B066": 0.0,
  "B067": 0.0,
  "B068": 0.1111111111111111,
  "B069": 0.05882352941176472,
  "B070": 0.0,
  "B071": 0.0,
  "B072": 0.0,
  "B073": 0.0,
  "B074": 0.0,
  "B075": 0.0,
  "B076": 0.16666666666666666,
  "B077": 0.16666666666666666,
  "B078": 0.06250000000000001,
  "B079": 0.2,
  "B080": 0.0,
  "B081": 0.0,
  "B082": 0.0,
  "B083": 0.0,
  "B084": 0.0,
  "B085": 0.0,
  "B086": 0.0,
  "B087": 0.2,
  "B088": 0.14285714285714285,
  "B089": 0.16666666666666666,
  "B090": 0.0,
  "B091": 0.0,
  "B092": 0.0,
  "B093": 0.0,
  "B094": 0.0,
  "B095": 0.0,
  "B096": 0.0,
  "B097": 0.16666666666666666,
  "B098": 0.1111111111111111,
  "B099": 0.06250000000000001,
  "B100": 0.16666666666666666,
  "B101": 0.0,
  "B102": 0.0,
  "B103": 0.0,
  "B104": 0.0,
  "B105": 0.2,
  "B106": 0.16666666666666666,
  "B107": 0.0,
  "B108": 0.0,
  "B109": 0.1111111111111111,
  "B110": 0.16666666666666666,
  "B111": 0.0,
  "B112": 0.2,
  "B113": 0.0,
  "B114": 0.2,
  "B115": 0.0,
  "B116": 0.2,
  "B117": 0.0,
  "B118": 0.0,
  "B119": 0.0,
  "B120": 0.0
 }
}