{
 "refuted_cut": 0.15,
 "b_marginals": {
  "B000": 0.1669218989280245,
  "B001": 0.20783083219645296,
  "B002": 0.24737148091067146,
  "B003": 0.19911792557993746,
  "B004": 0.17875647668393782,
  "B005": 0.005741846577859441,
  "B006": 0.19929226492927077,
  "B007": 0.2056287569153398,
  "B008": 0.25843800360538316,
  "B009": 0.19943310670394784,
  "B010": 0.19954924264642845,
  "B011": 0.1838235294117647,
  "B012": 0.17600000000000002,
  "B013": 0.2077246843278039,
  "B014": 0.2049652601254025,
  "B015": 0.2514736625233715,
  "B016": 0.005550193050193055,
  "B017": 0.0069194575145308645,
  "B018": 0.17600000000000002,
  "B019": 0.0054468927952463575,
  "B020": 0.19304373135414396,
  "B021": 0.20783083219645296,
  "B022": 0.19971227901716526,
  "B023": 0.19926322839919625,
  "B024": 0.17600000000000002,
  "B025": 0.20740075151119097,
  "B026": 0.11831396771179663,
  "B027": 0.17875647668393782,
  "B028": 0.11872952272635341,
  "B029": 0.1838235294117647,
  "B030": 0.2528533442978724,
  "B031": 0.20453652394071867,
  "B032": 0.24819510389453225,
  "B033": 0.25069429993333875,
  "B034": 0.21130539537989107,
  "B035": 0.21488104258220944,
  "B036": 0.2030696238710415,
  "B037": 0.2056287569153398,
  "B038": 0.21034427284427287,
  "B039": 0.19911792557993746,
  "B040": 0.25553746935075106,
  "B041": 0.0069194575145308645,
  "B042": 0.2111269614835949,
  "B043": 0.20740075151119097,
  "B044": 0.16700390229801992,
  "B045": 0.25687847296084343,
  "B046": 0.024233203976122643,
  "B047": 0.2152044097381718,
  "B048": 0.2059667296778132,
  "B049": 0.004415054217145224,
  "B050": 0.004577790638194188,
  "B051": 0.02970000000000003,
  "B052": 0.25253437182008065,
  "B053": 0.21488104258220944,
  "B054": 0.17600000000000002,
  "B055": 0.11708459834150318,
  "B056": 0.17875647668393782,
  "B057": 0.15296803319084593,
  "B058": 0.20740075151119097,
  "B059": 0.19063370473537605
 }
}